CLASS,Question
0,คาเฟ่แนวธรรมชาติ
0,คาเฟ่ร่มรื่น ต้นไม้เยอะ ๆ
0,มีคาเฟ่สไตล์ธรรมชาติบ้างไหม
0,แนะนำคาเฟ่ธรรมชาติหน่อย
0,คาเฟ่แนวธรรมชาติน่าไป
0,หาคาเฟ่ต้นไม้เยอะ ๆ 
0,คาเฟ่ต้นไม้
0,มีคาเฟ่ร่มรื่นแนะนำไหม
0,อยากได้คาเฟ่แนวธรรมชาติแนะนำหน่อย
0,คาเฟ่ธรรมชาติน่าไป
0,คาเฟ่ร่มรื่นน่าไป
0,สนใจคาเฟ่ต้นไม้เยอะ ๆ 
0,คาเฟ่มีสวนต้นไม้
0,มีคาเฟ่ฟีลธรรมชาติบ้างไหม
0,คาเฟ่ออแกนนิค
0,คาเฟ่ฟีลธรรมชาติ
0,คาเฟ่ให้ฟีลร่มรื่นธรรมชาติ
0,คาเฟ่ฟีลป่าไม้
0,คาเฟ่สบาย ๆ ร่มรื่น
0,คาเฟ่ในสวน
0,คาเฟ่ธรรมชาติ
0,แนะนำคาเฟ่ธรรมชาติ
0,มีคาเฟ่ธรรมชาติแนะนำไหม
0,สนใจคาเฟ่ฟีลธรรมชาติ
0,คาเฟ่ร่มรื่น
0,คาเฟ่โอบล้อมด้วยต้นไม้
0,คาเฟ่ธรรมชาติน่่าสนใจ
0,คาเฟ่บรรยากาศร่มรื่น
0,แนะนำคาเฟ่มีสวนหน่อย
0,สนใจคาเฟ่ในสวน
0,แนะนำคาเฟ่ที่มีสวนหน่อย
0,มีคาเฟ่ให้ฟีลธรรมชาติใกล้บีทีเอสแนะนำไหม
0,ใกล้บีทีเอสมีคาเฟ่ร่มรื่นธรรมชาติบ้างไหม
0,แนะนำคาเฟ่บรรยากาศดี ร่มรื่นหน่อย
0,มีคาเฟ่ที่มีสวนบ้างไหม
0,คาเฟ่ที่มีสวนใกล้บีทีเอสมีบ้างไหม
0,คาเฟ่ธรรมชาติน่าสนใจ
0,คาเฟ่ปลูกผักออแกนนิคน่าไป
0,ช่วยแนะนำคาเฟ่ป่า ๆ ธรรมชาติ ๆ หน่อย
0,คาเฟ่ฟีลป่าไม้
0,คาเฟ่สบาย ๆ ร่มรื่น
0,คาเฟในสวนน
0,คาเฟ่ธรรมชาติิ
0,แนะนำำคาเฟ่ธรรมชาติ
0,สนใจคาเฟ่ฟีลธรรมชาติ
0,คาเฟ่รมรื่น
0,คาเฟ่โอบร้อมด้วยต้นไม้
0,คาเฟ่ธรรมชาติน่่าสนใจ
0,คาเฟ่บรรยากาศรมรืน
0,แนะนำคาเฟ่มีสวนหนอย
0,มีคาเฟให้ฟีลธรรมชาติใกล้บีทีเอสแนะนำไหม
0,คาเฟแนวธรรมชาติ
0,หาคาเฟ่บรรยากาศดี ต้นไม้เยอะ ๆ
0,คาเฟ่่ธรรมชาติ ต้นไม้เยอะ ๆ
1,คาเฟ่อาร์ต
1,คาเฟ่แนวอาร์ต
1,คาเฟ่ art
1,คาเฟ่แนวอาร์ตมีอะไรบ้าง
1,คาเฟ่แนวอาร์ตมีที่ไหนบ้าง
1,คาเฟ่งานอาร์ต
1,คาเฟ่มีกิจกรรมงานศิลปะ
1,คาเฟ่ศิลปะ
1,คาเฟ่สำหรับคนรักศิลปะ มีอะไรบ้าง
1,คาเฟ่สำหรับคนรักศิลปะ
1,คาเฟ่สำหรับคนชอบงานศิลป์
1,คาเฟ่แนวศิลปะ มีที่ไหนบ้าง
1,คาเฟ่แสดงงานศิลปะ
1,แนะนำคาเฟ่งานศิลปะ
1,แนะนำคาเฟ่งานอาร์ต
1,คาเฟ่แนวอาร์ตน่าไป
1,มีคาเฟ่สายอาร์ตแนะนำไหม
1,แนะนำคาเฟ่แนวอาร์ต ๆ น่าไปหน่อย
1,คาเฟ่สไตล์งานอาร์ต
1,หาคาเฟ่งานอาร์ต
1,คาเฟ่สไตล์งานอาร์ต
1,หาคาเฟ่งานอาร์ต
1,คาเฟ่ชิค ๆ สายอาร์ต
1,คาเฟ่งานศิลปะ
1,คาเฟ่งานศิลปะน่าไป
1,คาเฟ่แต่งหน้าเค้ก
1,แนะนำคาเฟ่จัดเวิร์กช็อปต่าง ๆ 
1,คาเฟ่อาร์ตแกลเลอรีน่าสนใจ
1,มีคาเฟ่สายเวิร์กช็อปน่าสนใจไหม
1,มีคาเฟ่เวิร์กช็อปใกล้บีทีเอสไหม
1,หาคาเฟ่่สายอาร์ตน่าสนใจ
1,หาคาเฟ่มีงานศิลป์ให้ชม
1,มีคาเฟ่ที่มีการจัดภาพศิลปะให้ดูบ้างไหม
1,คาเฟ่ที่มีงานอาร์ตให้ดูหรือได้ลงทำ
1,อยากไปวาดภาพที่คาเฟ่แนะนำหน่อยสิ
1,หาคาเฟ่ที่ทีเวิร์กช็อปต่าง ๆ ให้ทำ
1,มีคาเฟ่อาร์ต ๆ แนะนำบ้างไหม
1,สนใจคาเฟ่มีเวิร์กช็อปให้ทำ
1,กำลังหาคาเฟ่อาร์ต ๆ ชิค ๆ แนะนำหน่อย
1,คาเฟ่มีให้วาดภาพ แต่งหน้าเค้ก
1,คาเฟ่อาร์ด
1,ค่าเฟแนวอาร์ต
1,art cafe
1,คาเฟ่่แนวอาร์ตมีอะไรบ้าง
1,คาเฟ่แนวอาร์ตมีทีไหนบ้าง
1,คาเฟ่งานศิลป์นาไป
1,คาเฟ่มีกิจกรรมงานศิลป์
1,คาเฟ่ศิลป์
1,คาเฟ่สำหรับคนรักศิลปะ มีอะไรบาง
1,คาเฟ่สำำหรับคนรักศิลปะ
1,แนะนำคาเฟ่จัดเวิร์กช้อปต่าง ๆ 
1,แนะนำคาเฟ่จัดเวิร์คช้อป 
1,คาเฟ่งานศิลป์นาไป
1,คาเฟ่จัดแสดงงานศิลป์
1,คาเฟ่มีกิจกรรมต่าง ๆ เช่น แต่งหน้าเค้ก
2,มีคาเฟ่ไหนเอาหมาไปได้ไหม
2,มีคาเฟ่ไหนเอาแมวไปได้ไหม
2,คาเฟ่ไหนเอาสัตว์เลี้ยงไปได้บ้าง
2,คาเฟ่เอาหมาไปได้
2,คาเฟ่เอาแมวไปได้
2,คาเฟ่นำสัตว์เลี้ยงไปได้
2,คาเฟ่สำหรับคนเลี้ยงหมา
2,คาเฟ่สำหรับคนเลี้ยงแมว
2,คาเฟ่นำหมาไปได้
2,คาเฟ่สำหรับสัตว์เลี้ยง
2,คาเฟ่เอาหมาไปได้และมีกิจกรรมต่าง ๆ
2,คาเฟ่เอาแมวไปได้และมีกิจกรรมต่าง ๆ
2,เอาหมาไปคาเฟ่ไหนได้บ้าง
2,เอาแมวไปคาเฟ่ไหนได้บ้าง
2,นำหมาไปคาเฟ่ไหนได้บ้าง
2,นำแมวไปคาเฟ่ไหนได้บ้าง
2,ช่วยแนะนำคาเฟ่เอาหมาไปได้ด้วยหน่อย
2,คาเฟ่นำสุนัขไปได้
2,คาเฟ่มีกิจกรรมกับหมา
2,สัตว์เลี้ยงไปคาเฟ่
2,นำแมวไปคาเฟ่ที่ไหนได้บ้าง
2,นำหมาไปคาเฟ่ที่ไหนได้บ้าง
2,มีคาเฟ่ไหนบ้างไหมที่เอาสุนัขไปได้บ้าง
2,นำสุนัขไปคาเฟ่ที่ไหนได้บ้าง
2,คาเฟ่นำสัตว์เลี้ยงไปได้
2,คาเฟ่สำหรับคนเลี้ยงสัตว์
2,คาเฟ่สำหรับคนเลี้ยงสุนัข
2,คาเฟ่สำหรับคนเลี้ยงหมาตัวใหญ่
2,คาเฟ่ไหนนำหมาตัวใหญ่ไปได้
2,แนะนำคาเฟ่เอาแมวไปได้หน่อยสิ
2,คาเฟ่ที่เอาสัตว์เลี้ยงเราไปได้
2,มีคาเฟ่ไหนเอาสุนัขไปได้บ้างไหม
2,อยากเอาสัตว์เลี้ยงไปคาเฟ่ด้วย มีคาเฟ่ไหนเอาไปได้บ้าง
2,มีคาเฟ่ที่เอาสัตว์เลี้ยงไปได้บ้างไหม
2,ถ้าจะนำหมาไปคาเฟ่ด้วย มีคาเฟ่ไหนสามารถเอาไปด้วยได้บ้าง
2,ถ้าจะนำแมวไปคาเฟ่ด้วย มีคาเฟ่ไหนสามารถเอาไปด้วยได้บ้าง
2,ถ้าจะนำสุนัขไปคาเฟ่ด้วย มีคาเฟ่ไหนสามารถเอาไปด้วยได้บ้าง
2,แนะนำคาเฟ่สำหรับคนเลี้ยงสัตว์หน่อย
2,สนใจคาเฟ่ที่สามารถเอาสัตว์เลี้ยงไปได้
2,มีคาเฟ่ไหนบ้างไหมที่เอาสัตว์เลี้ยงไปได้
2,คาเฟ่นำสัตว์เลี้ยงไปได้
2,คาเฟ่สำำหรับคนเลี้ยงหมา
2,คาเฟ่สำหรับคนเลี้ยงแมว
2,คาเฟ่นำำหมาไปได้
2,คาเฟ่ที่่เอาหมาไปได้
2,คาเฟ่ไหนเอาสัตว์เลี้ยงไปได้บ้างไหมติดบีทีเอส
2,มีคาเฟ่ไหนเอาสัตว์เลี้ยงไปได้บ้างไหม หมาแมว
2,คาเฟ่ที่มีกิจกรรมกับสัตว์เลี้ยงมีไหม
2,มีคาเฟ่ไหนไหมที่เอาสัตว์เลี้ยงไปได้
2,คาเฟ่สำหรับคนเลี้ยงสัตว์
3,คาเฟ่โฮมมี่
3,คาเฟ่สไตล์โฮมมี่
3,คาเฟ่บรรยากาศอบอุ่น
3,มีคาเฟ่ฟีลอบอุ่นไหม
3,คาเฟ่ให้ฟีลบ้าน
3,โฮมคาเฟ่
3,มีคาเฟ่โฮมมี่แนะนำไหม
3,โฮมคาเฟ่น่าไป
3,โฮมคาเฟ่น่ารัก ๆ
3,คาเฟ่ฟีลโฮมมี่แบบญี่ปุ่น
3,แนะนำคาเฟ่สไตล์โฮมมี่
3,โฮมคาเฟ่ฮิต ๆ
3,คาเฟ่ในบ้าน
3,คาเฟ่ตกแต่งด้วยไม้ 
3,คาเฟ่โฮมมี่ี่น่าสนใจ
3,แนะนำำคาเฟ่ให้ฟีลอบอุ่นหน่อย
3,คาเฟ่ Feel Like Home
3,คาเฟ่โฮมมี่ตกแต่งเท่ๆ สไตล์เรโทร
3,แนะนำคาเฟ่โฮมมี่แนวมินิมอลหน่อย
3,สนใจคาเฟ่โฮมมี่
3,คาเฟ่โฮมมี่แนวมินิมอล
3,แนะนำคาเฟ่สไตล์์โฮมมี่
3,มีคาเฟ่ฟีลบ้านแนะนำไหม
3,มีคาเฟ่สไตล์โฮมมี่แนะนำไหม
3,แนะนำโฮมคาเฟ่หน่อย
3,สนใจโฮมคาเฟ่
3,คาเฟ่ฟีลบ้าน ๆ หน่อย
3,คาเฟ่โฮมมี่น่าสนใจ
3,หาคาเฟ่โฮมเมดน่าสนใจ
3,feel like home cafe
3,คาเฟ่โฮมมี่ สงบ ๆ
3,คาเฟ่ทำขนมเอง
3,โฮมคาเฟ่น่าสนใจ
3,คาเฟ่โฮมมี่มีที่ไหนบ้าง
3,คาเฟ่ให้้ความรู้สึกอยู่บ้าน
3,คาเฟ่โฮมมี่ อบอุ่น ๆ
3,แนะนำคาเฟ่โทนอบอุ่น ๆ ฟีลอยู่บ้าน
3,คาเฟ่โฮมมี่ถ่ายรูปสวย
3,อยากไปโฮมคาเฟ่ สงบ ๆ
3,คาเฟ่สไตล์โฮมเมด น่าสนใจ
3,คาเฟ่่ให้ฟีลบ้าน
3,โฮมคาเฟ่
3,มีคาเฟ่โฮมมี่แนะนำไหม
3,โฮมมี้คาเฟ่่น่าไป
3,โฮมคาเฟ่น่าร้ากกก
3,คาเฟ่ฟีลโฮมมี่แบบญี่ปุ่น
3,แนะนำคาเฟ่สไตลโฮมมี่
3,คาเฟ่่โฮมมี่อบอุน
3,แนะนำำคาเฟ่โฮมมี่แนวมินิมอลหน่อย
3,คาเฟ่ดีไซน์ด้วยไม้ 
3,คาเฟ่ตกแต่่งสไตล์บ้าน ๆ
3,คาเฟ่ทำี่มีการตกแต่งฟีลบ้านไม้
3,โฮมคาเฟ่ติดบีทีเอสแนะนำหน่อย
3,คาเฟ่อบอุ่นๆน่าสนใจหน่อย
3,อยากได้คาเฟ่ฟโฮมมี่
4,คาเฟ่แฟนตาซี
4,คาเฟ่แนวfantasy
4,หาคาเฟ่แฟนตาซี
4,แฟนตาซี คาเฟ่
4,คาเฟ่แฟนตาซี แนะนำ
4,คาเฟ่แฟนตาซีน่าไป
4,คาเฟ่สไตล์แฟนตาซี
4,คาเฟ่แฟนตาซี 
4,แนะนำคาเฟ่แฟนตาซี
4,อยากได้คาเฟ่แฟนตาซี
4,หาคาเฟ่สไตล์แฟนตาซี
4,คาเฟ่น่าไปสไตล์แฟนตาซี
4,คาเฟ่แฟนตาซีของอร่อย
4,คาเฟ่แฟนตาซีเวอร์ๆ
4,คาเฟ่แฟนตาซีที่คนชอบไปกัน
4,คาเฟ่แฟนตาซีถ่ายรูปสวย
4,คาเฟ่แฟนตาซีมีที่ไหนบ้าง
4,อยากปายคาเฟ่cafe fantasy
4,คาเฟ่แฟนตาซี ของกินอร่อย
4,คาเฟ่ที่เป็นแนวแฟนตาซี
4,อยากได้คาเฟ่อลังการ
4,มีคาเฟ่อลังการแนะนำไหม
4,ขอคาเฟ่ที่อลังการหน่อย
4,แนะนำคาเฟ่fantasy
4,คาเฟ่แฟนตาซีน่าไป ของกินอร่อย
4,คาเฟ่แฟนตาซีไปง่าย เดินทางสะดวก
4,คาเฟ่ fantasy ที่มีเมนูอาหารและเครื่องดื่มที่ต้องลอง
4,คาเฟ่สไตล์แฟนตาซีบรรยากาศดี
4,cafe fantasy 
4,คาเฟ่ fantasy สไตล์ไม่เหมือนใคร
4,cafe fantasy สวยๆน่าไป
4,cafe แฟนตาซี รีวิวดี
4,คาเฟ่แฟนตาซีรีวิวดี
4,คาเฟ่ธีม fantasy
4,คาเฟ่น่าไปสไตล์แฟนตาซีที่มีบรรยากาศเหมือนอยู่เทพนิยาย
4,คาเฟ่แฟนตาซีที่ฮิตอยู่ตอนนี้
4,คาเฟ่อาหารเครื่องดื่มอร่อย สไตล์แฟนตาซี
4,คาเฟ่สวยๆสไตล์แฟนตาซี
4,fantasy cafe ที่น่าสนใจ
4,คาแฟแฟนตาซี
4,คาเฟ่สไตบ์เเฟนตาซี
4,คาเฟแฟนตาสีน่าไป
4,แนะนำำคาเฟ่แฟนตาซี
4,fantasy cafe น่าาไป
4,คาเฟ่เเฟนตาซีสวยๆ
4,หาคาแฟแฟนตาซีห้ามพลาด
4,เเฟนตาซีคาเฟ่ถ่ายภาพงาม
4,คาเฟ่fantasyคนชอบถ่ายรูป
5,คาเฟ่สไตล์แฟนตาซีสวยๆน่าไป
5,คาเฟ่สไตล์วินเทจ
5,คาเฟ่วินเทจน่าไป
5,คาเฟ่คลาสสิคๆ
5,คาเฟ่สไตล์คลาสสิค
5,คาเฟ่สไตล์ย้อนยุค
5,สไตล์วินเทจ คาเฟ่
5,แนะนำคาเฟ่สไตล์วินเทจ
5,คาเฟ่คลาสสิคแนะนำ
5,คาเฟ่ย้อนยุคน่าไป
5,หาคาเฟ่วินเทจ
5,คาเฟ่วินเทจห้ามพลาด
5,อยากไปคาเฟ่สไตล์วินเทจ
5,คาเฟ่คลาสสิคน่าไป
5,คาเฟ่วินเทจที่ฮิตๆ
5,คาเฟ่แนววินเทจที่คนชอบไปกัน
5,คาเฟ่คลาสสิคๆราคาดี
5,ไปคาเฟ่วินเทจ
5,หาคาเฟ่ที่คลาสสิค
5,คาเฟ่สไตล์ย้อนยุคถ่ายรูปสวย
5,คาเฟ่วินเทจมีที่ไหนบ้าง
5,คาเฟ่วินเทจ ห้ามพลาด
5,คาเฟ่วินเทจ ต้องไป
5,คาเฟ่วินเทจ ราคาดี
5,อยากได้คาเฟ่สไตล์ old-fashioned
5,คาเฟ่ old-fashioned น่าใป
5,แนะนำคาเฟ่สไตล์ old-fashioned
5,หาคาเฟ่สไตล์เรโทรให้หน่อย
5,คาเฟ่เรโทรน่าไป
5,คาเฟ่เรโทร ที่หนาย
5,คาเฟ่เรโทร ถ่สยรูปสวย
5,คาเฟ่ old-fashioned สวยๆ
5,คาเฟ่สไตล์คลาสสิค ถ่ายรูปสวย
5,คาเฟ่สไตล์คลาสสิค ที่ไหน
5,มีคาเฟ่แนวเรโทรแนะนำไหม
5,ขอคาเฟ่แนวเรโทร
5,คาเฟ่สไตล์ old-fashioned ห้ามพลาด
5,คาเฟ่สไตล์ 80s
5,คาเฟ่สไตล์คลาสสิคที่ตั้งไปสะดวกและบรรยากาศอบอุ่น
5,คาเฟ old-fashioned บรรยากาศสวยงามและน่าลัก
5,คาแฟแบบวินเทจ
5,vintage cafe
5,คาเฟ่ vintage
5,แนะนำคาเฟ่ที่ vintage
5,อยากได้้คาเฟ่สไตล์ retro
5,คาเฟสไตล์vintage ห้ามพลาด
5,คาแฟวินเทจน่าสนใจ
5,คาเฟ่สไตบ์วินเทจถ่ายรูปสวย
5,แนะนำำคาเฟ่แนววินเทจน่าไป
5,คาเฟ่วิินเทจ
5,คาเฟย้อนยุคน่าไป
6,คาเฟ่ที่มินิมอลๆ
6,คาเฟ่ตกแต่งมินิมอล
6,คาเฟ่สไตล์มินิมอล
6,คาเฟ่แนวเรียบง่าย
6,คาเฟ่ที่เรียบง่ายๆ
6,คาเฟ่สไตล์มินิมอลน่าไป
6,อยากได้คาเฟ่มินิมอล
6,อยากไปคาเฟ่สไตล์มินิมอล
6,หาคาเฟ่แนวมินิมอล
6,คาเฟ่มินิมอลไปที่ไหนได้บ้าง
6,คาเฟ่สไตล์เรียบง่ายราคาดี
6,คาเฟ่มินิมอลถ่ายรูปสวย
6,คาเฟ่มินิมอลมีที่ไหนบ้าง
6,คาเฟ่เรียบง่ายไปสะดวก
6,คาเฟ่ตกแต่งเรียบง่ายสวยๆ
6,คาเฟ่สไตล์มินิมอลที่คนชอบไปกัน
6,คาเฟ่ที่เรียบง่ายๆถ่ายรูปสวย
6,หาคาเฟ่แนวมินิมอล
6,อยากไปคาเฟ่เรียบง่ายสไตล์มินิมอลๆ
6,คาเฟ่แนวมินิมอล อร่อย
6,คาเฟ่ที่มีบรรยากาศเรียบง่ายแต่คนชอบ
6,คาเฟ่ที่ตกแต่งเรียบง่ายแต่มีความสวยงาม
6,คาเฟ่สไตล์เรียบง่ายราคาดี
6,Minimal cafe
6,Minimal cafe สวยๆ น่าไป
6,คาเฟ่ตกแต่งมินิมอล ถ่ายรูปสวย
6,คาเฟ่ minimal
6,มินิมอล คาเฟ่
6,อยากได้คาเฟ่สไตล์ minimal ถ่ายรูปสวย
6,cafe minimal อาหารอร่อย
6,คาเฟ่สไตล์มินิมอลบรรยากาศอบอุ่น
6,Cafe minimal ห้ามพลาด
6,คาเฟ่มินิมอลตามเทรนด์
6,คาเฟ่มินิมอลที่นี่มีเมนูเครื่องดื่มและของหวาน
6,คาเฟ่สไตล์มินิมอล บริการดี
6,คาเฟ่มินิมอลเดินทางง่าย ไปสะดวก
6,คาเฟ่สไตล์มินิมอลนั่งทำงานได้
6,คาเฟ่ minimal ต้องลอง
6,คาเฟ่ตกแต่งเรียบง่าย ราคาน่ารัก
6,คาแฟที่ตกแต่งสไตล์ mnimal
6,คาเฟ่สไตบ์มินิมอล
6,คาเฟธีมมินิมอน
6,อยากได้คาเฟ่สไตบ์minimal
6,แนะนำำคาเฟ่มินิมอล
6,คาเฟ่แบบที่เรียบๆ
6,cafe minimal มีไหนบ้าง
7,คาเฟ่หมา
7,คาเฟ่ที่เล่นกับหมาได้
7,หมา คาเฟ่
7,คาเฟ่หมาน่าไป
7,คาเฟ่หมาน่ารักๆ
7,คาเฟ่หมา แนะนำ
7,แนะนำคาเฟ่หมา
7,คาเฟ่ของคนรักหมา
7,คาเฟ่หมาไปง่าย
7,คาเฟ่หมา ราคาดี
7,คาเฟ่น้องหมา
7,คาเฟ่เล่นกับน้องหมา
7,คาเฟ่ถ่ายรูปกับน้องหมาได้
7,คาเฟ่สำหรับน้องหมา แนะนำ
7,คาเฟ่น้องหมาชอบ
7,คาเฟ่หมาที่คนรักหมาต้องชอบ
7,คาเฟ่น่ารักๆเล่นกับน้องหมาได้
7,คาเฟ่หมาราคาน่ารัก
7,อยากไป dog cafe
7,คาเฟ่หมาที่คนชอบไปกัน
7,คาเฟ่หมาที่กำลังฮิต
7,คาเฟ่ลูกหมา น่าไป
7,คาเฟ่มีหมา ที่ไหน
7,คาเฟ่หมาน่ารัก ที่ไหน
7,คาเฟ่เล่นกับลูกหมาได้
7,puppy cafe
7,มี puppy cafe ที่ไหนแนะนำบ้าง
7,คาเฟ่หมาไปง่ายและราคาไม่แพง
7,คาเฟ่หมาน่าไปและเหมาะสำหรับคนรักสัตว์เลี้ยง.
7,คาเฟ่หมาราคาดีที่คุณสามารถไปเล่นกับน้องหมาได้
7,คาเฟ่น้องหมาที่นี่มีเมนูอาหารอร่อย
7,คาเฟ่น่ารักๆที่คุณสามารถเล่นกับน้องหมาได้
7,คาเฟ่น้องหมาตามเทรนด์
7,คาเฟ่ที่สามารถทำกิจกรรมสังสรรค์กับสุนัข
7,คาเฟ่ที่เหมาะกับการพักผ่อนและเล่นกับน้องหมาในวันหยุด
7,คาเฟ่บรรยากาศอบอุ่นเล่นกับน้องหมาได้
7,คาเฟ่ลูกหมาน่ารักๆซนๆ
7,คาเฟ่ชิลๆกับน้องหมา
7,คาแฟหมาน่าไป
7,เเนะนำคาแฟหมาน่าไป
7,คาแฟหมาต้องห้ามหลาด
7,คาเฟหมาตกเเต่งสวยน่่าไป
7,คาแฟหมาอาหารรอร่อย
7,คาเฟ่หมาที่มีอาหารอร่อยๆ
7,คาเฟหมารีวิวดี
8,คาเฟ่แมวมีที่ไหนบ้าง
8,คาเฟ่แมวมีอะไรบ้าง
8,คาเฟ่แมว น่ารัก มีที่ไหนบ้าง
8,คาเฟ่ cat มีที่ไหนบ้าง
8,คาเฟ่น้องแมวมีที่ไหนบ้าง
8,คาเฟ่แมว ราคาไม่แพง
8,คาเฟ่แมว คนไม่เยอะ
8,คาเฟ่แมว แนะนำ
8,คาเฟ่แมว ที่ไหน
8,คาเฟแมว มีอยู่ไหนบ้าง
8,คาเฟ่แมว ราคาถูก
8,cat cafe น่ารัก 
8,คาเฟแมว น่ารักๆ น้องแมว
8,คาเฟ่น้องเหมียว มีที่ไหนบ้าง
8,คาเฟ่น้องแมว ราคาไม่แพง
8,คาเฟ่แมวเหมียว อยู่ที่ไหน
8,คาเฟ่น้องแมว อร่อย
8,คาฟ่น้องแมวถ่ายรูปได้
8,คาเฟ่น้องเหมียว อยู่ไหน
8,คาเฟ่น้องแมว เหมียว cat น่ารัก ราคาถูก
8,คนรักแมว cafe น่าไป
8,cat cafe มีที่ไหนบ้าง
8,cat cafe แนะนำ 
8,คนชอบแมว ไปคาเฟไหนดี
8,อยากไปเที่ยวคาเฟ่แมว
8,cat cafe แนะนำ
8,cafe แมว ต้องลองไป
8,cafe น้องเหมี๊ยว อยู่ไหนบ้าง
8,คาฟ่แมวน่าสนใจ แมวสะอาด
8,คาเฟแมวไม่หยิ่ง
8,cafe แมว ที่เราควรไป
8,คาเฟ่แมว กำลังเป็นที่นิยม
8,คาเฟ่ สำหรับคนเลี้ยงแมว
8,คาเฟ่ พาแมวไปได้
8,
8,
8,
8,
8,
8,
8,
8,
8,
8,
8,cafe แมวขี้เล่น
8,คาเฟ่สำหรับคนรักแมว
8,คาเฟ่แมวเหมียว ค่าเข้าไม่แพง
8,คนรักแมว คาเฟ่อะไรน่าไป
8,คนรักแมว ไป cafe แนวไหนดี
8,คาเฟ่ไปฮีลใจ
9,คาเฟ่ที่เปิดให้คนมาอ่านหนังสืออยู่ที่ไหนบ้าง
9,คาเฟ่เงียบๆ อ่านหนังสือ
9,คาเฟ่คนไม่เยอะ อ่านหนังสือได้
9,คาฟอ่านสอบได้
9,คาเฟอ่านหนังสือสอบ
9,คาเฟ่สำหรับอ่าน แนะนำ
9,คาเฟ่น่าไปตอนสอบ
9,คาเฟ อ่านหนังสือ คนไม่เยอะ
9,คาเฟ่อ่านหนังสือ แนะนำ
9,คาเฟ่อ่านหนังสือ ฟรี
9,คาเฟ่าสำหรับเด็กมหาลัย
9,คาเฟ่ติวหนังสือ
9,คาเฟ่อ่านหนังสือมีที่ไหนบ้าง
9,ที่อ่านหนังสือ ใกล้มหาลัย
9,คาเฟ่สำหรับคนอยากอ่านหนังสือ
9,คาเฟ่อ่านหนังสือ นั่งนานได้
9,คาเฟ่อ่านหนังสือ 24 ชม
9,อยากไปคาเฟอ่านหนังสือ แนะนำ
9,book cafe น่าไป
9,book cafe มีที่ไหนบ้าง
9,ช่วงสอบไปอ่านหนังสือที่ไหน
9,book cafe นิสิตไปเยอะ
9,คาเฟ่สำหรับ นิสิต
9,คาเฟ่ นักเรียน ไปเยอะ
9,cafe นักเรียนไปอ่านหนังสือ
9,cafe นิสิต ติวหนังสือ
9,ติวหนังสือที่ไหนดี
9,นัดเพื่อนเรียนที่ไหนดี
9,คาเฟ่ สอนพิเศษได้
9,cafe ติวหนังสือ
9,book cafe เงียบๆ
9,คาเฟ่อ่านหนังสือ ดึกได้
9,คาเฟ่อยู่ติวจนดึกได้
9,คาเฟ่เหมาะสำหรับช่วงสอบ
9,คาเฟ่นั่งนานได้
9,cafe อยู่นานได้
9,คาเฟ่อ่านหนังสือนานได้
9,book cafe ติวจนดึกได้
9,คาเฟ ติวสอบ มีอาหาร เครื่องดื่ม
9,คาเฟอ่านหนังสือมี ขนมขาย 
10,คาเฟ่การ์ตูนมีที่ไหนบ้าง
10,คาเฟ่ สำหรับเด็กมีที่ไหนบ้าง
10,คาเฟ่พาลูกไปได้
10,การ์ตูนมีที่ไหน
10,คาเฟ่แนวการ์ตูนมีที่ไหนบ้าง
10,คาเฟ่การ์ตูน มีอะไรบ้าง
10,คาเฟ่ อนิเมะ 
10,คาเฟ่อนิเมมีที่ไหนบ้าง
10,อนิเมะคาเฟ่ มีที่ไหนบ้าง
10,อนิเมะคาเฟ่ ของเยอะ
10,anime cafe อยู่ไหน
10,anime cafe กรุงเทพ
10,cartoom cafe อยู่ไหน
10,cartoon cafe มีที่ไหนบ้าง
10,cartoon cafe สำหรับเด็ก
10,การ์ตูน cartoon มีที่ไหนบ้าง
10,cafe การ์ตูน น่าสนใจ
10,คาเฟ่การ์ตูนน่าไป
10,คาเฟ่การ์ตูน สำหรับเด็ก
10,คาเฟ่ อนิเมะน่าสนใจ
10,คาเฟสำหรับเด็ก
10,คาเฟ่พาเด็กไปได้
10,คาเฟ่ ธีมการ์ตูน 
10,cartoon theme cafe 
10,คาเฟ่ กาตูน น่าไป
10,คาเฟ่พาลูกไปเที่ยว
10,คาเฟ่แนะนำสำหรับครอบครัว
10,คาเฟ่พาลูกไปในวันหยุด
10,cafe สำหรับครอบครัว
10,คาเฟ่ที่ครอบครัวไปด้วยกันได้
10,คาเฟ่ cartoon น่าไป
10,การ์ตูน คาเฟ ไปไหนดี
10,คาเฟ่ การ์ตูน แนะนำสำหรับเด็ก
10,กาตูนคาเฟ่ รีวิวดี
10,คาเฟ่ เด็กชอบ
10,คาเฟ่การ์ตูน ย้อนวัย
10,คาเฟ่ย้อนวัย
10,cafe สำหรับเด็ก 
10,คาเฟ่การ์ตูน ราคาถูก
10,คาเฟ่การ์ตูน เด็กชอบ
11,อยากไปคาเฟ่สไตล์ญี่ปุ่น
11,คาเฟ่แนวญี่ปุ่นมีที่ไหนบ้าง
11,คาเฟ่สไตล์ญี่ปุ่นมีที่ไหนบ้าง
11,คาเฟแบบญี่ปุ่นมีที่ไหนบ้าง
11,คาเฟ่บรรยากาศญี่ปุ่น ดั้งเดิม อยู่ไหน
11,คาเฟ่แนวญี่ปุ่น ราคาไม่แพง
11,คาเฟ่สไตล์ญี่ปุ่น ราคาถูก
11,คาเฟ่แบบญี่ปุ่น ราคาไม่แพง
11,คาเฟ่บรรยากาศญี่ปุ่น ราคาถูก
11,คาเฟ่แนวญี่ปุ่น ขนมอร่อย
11,คาเฟ่สไตล์ญี่ปุ่น ดั้งเดิม
11,คาเฟ่แบบญี่ปุ่น อาหารอร่อย
11,คาเฟ่บรรยากาศญี่ปุ่น บริการดี
11,คาเฟ่ญี่ปุ่น ชาเขียวรสชาติดี
11,คาเฟ่สไตล์ญี่ปุ่น แนะนำ
11,คาเฟ่แบบญี่ปุ่น สำหรับคนรักญี่ปุ่น
11,คาเฟ่บรรยากาศญี่ปุ่น แนะนำ
11,คาเฟ่แนวญี่ปุ่น ฟิลญี่ปุ่น
11,คาเฟ่สไตล์ญี่ปุ่น คนญี่ปุ่น
11,คาเฟ่เจ้าของญี่ปุ่น
11,คาเฟ่มี ขนมญี่ปุ่น
11,cafe แนวญี่ปุ่น
11,japanese cafe น่าไป
11,japanese cafe อยู่ไหน
11,japanese cafe น่าลอง
11,cafe ญี่ปุ่นต้องลอง
11,japanese cafe ไปง่ายๆ
11,คาเฟ่เหมือนอยู่ญี่ปุ่น
11,คาเฟ่หรับคนชอบญี่ปุ่น
11,japan cafe อยู่ไหนบ้าง
11,คาฟสำหรับคนชอบกินชาเขียว
11,คาเฟ่ชาเขียวอร่อย 
11,คาเฟ่คนรัก มัทฉะ
11,คาเฟ่คนรัก ชาเขียว
11,คาเฟ่ มัทฉะดีงาม
11,japan cafe ต้องลอง
11,อยากไปคาเฟ่ญี่ปุ่นบรรยากาศดีๆ ไปกับเพื่อนได้
11,คาเฟ่ญ่ปุ่นบรรนยสกศดีๆ มีที่ไหนบ้าง
11,เฟ่ญี่ปุ่ณน่าไป แนะนำต้องลอง
11,เฟ่ญี่ปุ่ณน่าไป สำหรับคนชอบญี่ปุ่น
11,แถวไหนมีคาเฟ ที่มีไดฟุกุขาย
11,อยากกินไดฟุกุ โมจิ ต้องไปที่ไหน
11,เฟ่ไหนมี โมจิ ขาย
11,คาเฟ่ ญี่ปุ่ณมีอยู่ที่ไหนบ้าง
11,เฟ่ญี่ปึ่นต้องลองซักครั้ง
11,cafe ญี่ปุ่น รีวิวดี
11,คาเฟ่ ฟีลเหมือนอยู่ญี่ปุ่น
11,คาเฟ่ แนวญีปุ่น มีที่ไหนบ้าง
11,อยากสัมผัส ญี่ปุ่น
11,คาเฟ่แนวญี่ปุ่นน่าไป สนองนีท
12,ที่ไหนที่มีขนมโฮต็อกของเหาหลี
12,แนะนำค่าเฟ่ที่เปิดเพลงเค-ป้อป 
12,สถานที่ใดที่คิดว่าจะพบกับเมนูTteokbokkiของประเทศเกาหลี
12,ที่ใดที่จะมีการเล่นภาพยนตร์เกาหลี
12,ถ้าคุณต้องการชิมMakgeolliของประเทศเกาหลีต้องไปที่ไหน
12,คาเฟ่ใดที่คุณคิดว่าจะเห็นการใช้ภาษาเกาหลี่ในเมนู
12,ถ้าต้องการซื้อสินค้าเกี่ยวกับหนังเกาหลีต้องไปที่ไหน
12,สถานที่ใดที่คาดหวังจะมีบุ๊กHanjiเป็นตกแต่งของเกาหลี
12,ถ้าคุณต้องการทานข้าวยำเกาหลีในรูปแบบของของหวาน
12,ที่ใดที่มีการขายของที่ระลึกที่มีลายเกี่ยวกับประเทศเกาหลี
12,ถ้าต้องการทานอาหารในสไตล์เกาหลี
12,สถานที่ใดที่จะมีโซนสำหรับถ่ายรูปในสไตล์ฮันอกของประเทศเกาหลี
12,ถ้าคุณต้องการทานคิมบับเกาหลีในรูปแบบของของหวาน
12,สถานที่ใดที่คิดว่าจะมีกิจกรรมที่เกี่ยวข้องกับวัฒนธรรมเกาหลี้
12,ถ้าต้องการสั่งอาหารผ่านแอปฯ ภาษาเก่าหลี
12,คาเฟ่ที่มีการเปิดเพลงเกาหลี
12,ถ้าต้องการชิมเครื่องดื่มที่ใช้ยูจาชาของเกาหลี
12,ที่ใดที่คาดว่าจะพบกับเมนูซัมกยอบซัลของเกาหลี
12,ถ้าต้องการชิมอาหารเกาหลีดั้งเดิม
12,คาเฟ่ใดที่คุณคิดว่าจะมีโต๊ะที่ออกแบบมาเหมือนกับร้านปิ้งย่างเกาหลี
12,ถ้าคุณต้องการซื้อ CD หรือสินค้าที่เกี่ยวข้องกับเพลงเกาหลี
12,ที่ใดที่คุณคาดว่าจะมีสินค้าที่ร่วมทำกับศิลปินเกาหลี
12,ถ้าต้องการชิมซุปซุนดูบูจิเกของเกาหลี
12,คาเฟ่ใดที่คุณคิดว่าจะมีการจัดเวิร์กช็อปที่เกี่ยวกับวัฒนธรรมเกาหลี
12,ถ้าคุณต้องการชิมชาของเกาหลี
12,คาเฟ่ใดที่คุณคิดว่าจะมีการจัดแสดงศิลปะเกาหลี
12,ถ้าต้องการทานพัทบิงซูของเกาหลี
12,ที่ใดที่คุณคาดว่าจะพบกับผลิตภัณฑ์ที่มาจากประเทศเกาหลี
12,ถ้าคุณต้องการชิมกัลบีของเกาหลี
12,สถานที่ใดที่คุณคิดว่าจะมีโซนสำหรับเล่นเกมเกาหลิ
12,คาเฟ่แนวเกาหลื ราคาถูก
12,คาเฟ่แนวเกากลีราคาไม่แพง
12,คาเฟ่แนวเกาหลีอยู่ไหน
12,คาเฟ่แนวเเกาหลีมีที่ไหนบ้าง
12,คาเฟ่ใดที่มีอุปกรณ์เครื่องครัวสีชมพู้
12,คาเฟ่แนวเกาหสีรีวิวดี
12,คาเฟ่แนวเกาหลีเดินทางสะดวก
12,คาเฟ่แนวเก้าหลีอาหารอร่อย
12,คาเฟ่แนวเกาหลีดั้งเดิม
12,คาเฟ่แนวเกาหลีที่กำลังฮิต
12,คาเฟ่สายเกา
12,แนะนำคาเฟ่สายเกา 
12,คาเฟ่สายเกาหลี่น่าสนใจ
12,คาเฟ่่ฟีลเกาหลี
12,แนะนำำคาเฟ่เกาหลีหน่อยสิ
12,ช่วยหาคาเฟ่แนววเกาหลีหน่อย
12,คาเฟ่ที่ี่มีการตกแต่งด้วยคำภาษาเกาหลี
12,ค่าเฟ่ที่ตกแต่งเกี่ยวกับวงดนตรีของเกาหลีมั้ย
12,คาเฟ่แนะนำประเทศเกาฟลี
12,คาเฟ่ของคนเกาหลี
13,คาเฟ่ไหนที่คาดหวังจะพบกับดอกไม่สุริยในตกแต่ง
13,ถ้าต้องการคาเฟ่ที่มีสวนแนวตั้งไปที่ไหน
13,คาเฟ่ใดที่คิดว่าจะพบกับต้นไม้เฟิร์นในข้างนั้น
13,คาเฟ่ที่ใดคาดว่าจะมีการจัดพืชไตรโคม่า
13,ถ้าต้องการชิมกาแฟในระหว่างชมต้นไม้
13,คาเฟ่ใดที่คิดว่าจะมีฟังก์ชันส์พืชห้องนั่งเล่น
13,ถ้าต้องการคาเฟ่ที่มีสวนกอกไม้
13,คาเฟ่ที่ใดที่คาดหวังจะมีต้นไม้
13,ถ้าต้องการคาเฟ่ที่มีดอกไม้สีขาวที่เป็นตกแต่ง
13,คาเฟ่ที่ใดที่คิดว่าจะมีดิอกไม้โอริกิดในการตกแต่ง
13,ถ้าต้องการพบต้นซุคคูลเลนท์ต้องไปที่ไหน
13,คาเฟ่ที่ใดที่จะมีเอรียลพลานท์แขวนอยู่
13,ถ้าคุณต้องการคาเฟ่ที่มีธรรมชาติจะไปที่ไหน
13,สถานที่ใดที่คิดว่าจะมีการทำสวนในกระถาง
13,ถ้าต้องการดื่มชาในระหว่างชมต้นมะลิคุณจะไปที่ไหน
13,คาเฟ่ที่ใดที่คาดหวังจะมีต้นไม้ในสไตล์บอนไซ
13,ถ้าต้องการคาเฟ่ที่มีดอกไมัฟีโกคุณจะไปที่ไหน
13,ที่ใดที่คาดว่าจะมีการจัดดอกไม้ในสไตล์อิเคบาน่า
13,ถ้าต้องการชิมโกโก้ในระหว่างต้นไม้คุณจะไปที่ไหน?
13,คาเฟ่ที่ใดที่คิดว่าจะมีธรรมชาติในการตกแต่ง?
13,ถ้าต้องการคาเฟ่ที่มีดอกไม้หอมเป็นตกแต่ง
13,ที่ใดที่คาดว่าจะมีต้นไม้และดอกไมี
13,ถ้าต้องการคาเฟ่ที่มีต้นราชพฤกษ์
13,สถานที่ใดที่คิดว่าจะมีสวนหลังบ้านขนาดเล็ก?
13,ถ้าต้องการคาเฟ่ที่มีดอกไม้ทิวลิปจะไปที่ไหน?
13,คาเฟ่ที่ใดที่คิดว่าจะมีต้นไม้ในกระถางแขวน
13,ถ้าต้องการคาเฟ่ที่มีต้นสนฉัตรจะไปที่ไหน
13,ที่ใดที่คาดว่าจะมีต้นพลู
13,ถ้าต้องการคาเฟ่ที่มีต้นไม้กระดุมไม้ใบเงินจะไปที่ไหน
13,คาเฟ่ที่ใดที่คิดว่าจะมีต้นสนในข้างใน
13,คาเฟ่ดอกไม้มีที่ไหนบ้าง
13,คาเฟ่ดอกไท้สวยๆ
13,คาเฟ่ดอกไม้รีวิวดี
13,คาเฟ่ดอดไม้เดินทางสะดวก
13,คาเฟ่ดอกไม้อาหารอร่อย
13,คาเฟ่ดอกไมืดั้งเดิม
13,คาเฟ่ดอกไม้ที่กำลังฮิต
13,คาเฟ่ดอกไม้้ที่น่าสนใจ
13,หาคาเฟ่ดอกกไม้
13,มีคาเฟ่ดอกไม้แนะนำมั้ย
13,คาเฟ่ในสวนดอกไม้
13,คาเฟ่ชมวิวที่มีดอกไม้เยอะๆ
13,แนะนำค่าเฟ่แนวดอกไม้หลายๆสี
13,มีคาเฟ่สวนดอกไม้แนะนำมั้ย
13,หาร้านดอกไมม้คาเฟ่
13,อยากไปดูดอกไม้ที่คาเฟ่
13,อยากหาที่ถ่ายรูปสวยๆกับดอกไม้
13,มีคาเฟ่ที่สอนจัดดอกไม้ด้วยม้ัย
13,แนะนำำคาเฟ่แนวดอกไม้
13,แนะนำคาเฟ่จัดดอกไม้เยอะๆ
14,คาเฟ่ใดที่คาดหวังจะพบกับของขวัญที่มีน่ารัก ๆ สีชมพูในคาเฟ่
14,ถ้าต้องการกาแฟในแก้วที่มีลายน่ารัก ๆ สีชมพู่
14,ที่ไหนที่จะพบกับเมนูขนมที่มีน่ารัก ๆ สีชมพู
14,ถ้าต้องการคาเฟ่ที่มีสัตว์เลี้ยงน่ารักสีชนพู
14,ที่ใดที่คาดว่าจะมีเสื้อพนักงานที่มีน่ารัก ๆ สีลมพู
14,ถ้าต้องการคาเฟ่ที่มีดนตรีน่ารัก ๆ สีชมพู
14,คาเฟ่ใดที่มีน่ารัก ๆ สีลมพูเป็นสีหลักของโลโก้
14,ถ้าต้องการคาเฟ่ที่มีสิ่งที่น่ารักที่ทำจากกระดาษสีชมพูน่ารัก ๆ 
14,ที่ไหนที่คาดว่าจะมีการใช้น่ารัก ๆ สีขมพูในการโปรโมท
14,คาเฟ่ใดที่มีพนักงานที่สวมหมวกน่ารัก ๆ สีชมพู
14,ถ้าต้องการคาเฟ่ที่มีสไตล์ของการ์ตูนน่ารัก ๆ สีชทพู
14,ที่ใดที่คาดว่าจะมีการใช้เทคโนโลยีน่ารัก ๆ สีชมดูเช่น ไฟ LED
14,คาเฟ่ใดที่มีน่ารัก ๆ นีชมพูในส่วนของห้องน้ำ
14,คาเฟ่น่ารัก ๆ ชมพูอาหารอร่อย
14,คาเฟ่น่ารัก ๆ สีชมพูดั้งเดิม
14,คาเฟ่น่ารัก ๆ ชมพูที่กำลังฮิต
14,คาเฟ่น่ารัก ๆ ชมพู่่ที่น่าสนใจ
14,หาคาเฟ่น่ารัก ๆ ชมพู
14,มีคาเฟ่น่ารัก ๆ ช้มพูแนะนำมั้ย
14,คาเฟ่น่ารัก ๆ ชมพูที่มีอาหารราคาถูก
14,ไปคาเฟ่น่ารัก ๆ สีชมพูที่ไหนดี
14,มีคาเฟ่น่ารัก ๆ ชมพูอยู่ตรงไหนบ้าง
14,คาเฟ่สีชมพู ตกแต่งด้วยสิ่งของเล็กๆน่ารักๆ
14,คาเฟ่น่ารัก มีสีชมพูเยอะๆ
14,แนะนำคาเฟ่น่ารักตกแต่งด้วยสีชมพูเยอะๆ
14,แนะนำร้านกาแฟที่ใช้ของสีชมพูเยอะๆ น่ารักๆ
14,ช่วยหาคาเฟ่ที่ร้านเป็นสีชมพู
14,ช่่วยหาคาเฟ่น่ารักๆ มีมุมถ่ายรูปสีชมพู
14,มีร้านกาแฟที่จัดร้านสีชมพูแนะนำมั้ย
14,มีร้้านขนมที่ใช้ของสีชมพูเยอะๆมั้ย
14,มีร้านสีชมพูตกแต่งด้วยของแบ้วๆน่ารักๆหน่อย
14,คาเฟ่ใกล้ฉันสีชมพูออกแนวน่ารักๆหน่อย
14,คาเฟน่ารักๆ แบ้วๆสีชมพู
14,ถ้าต้องการคาเฟ่ที่มีรูปปั้นน่ารัก
14,ที่ใดที่คาดว่าจะมีเสื้อพนักงานที่มีน่ารัก
14,ถ้าต้องการคาเฟ่ที่มีดนตรีน่ารัก ๆ
14,คาเฟ่ใดที่มีน่ารัด ๆเป็นสีหลักของโลโก้
14,ถ้าต้องการคาเฟ่ที่มีสิ่งที่น่ารักที่ทำจากกระดาษน่าลักๆ 
14,ที่ไหนที่คาดว่าจะมีการใช้น่ารัากกกกในการโปรโมท
14,คาเฟ่ใดที่มีพนักงานที่สวมหมวกนิาร้ก
14,ถ้าต้องการคาเฟ่ที่มีสไตล์ของการ์ตูนน่ารักๆ
14,ที่ใดที่คาดว่าจะมีการใช้เทคโนโลยีร่ารักเช่น ไฟ LED
14,คาเฟ่ใดที่มีสัญลักษณ์หรือสัญลักษณ์ที่ใช้น่ารัก
14,ถ้าต้องการคาเฟ่ที่มีของเล่นน้ารักสีชมพู
14,ที่ไหนที่คาดหวังจะมีอาหารน่าริก
14,ถ้าต้องการคาเฟ่ที่มีแก้วเครื่องดื่มนีารัก ๆ 
14,คาเฟ่ใดที่มีน่าริกๆในส่วนของห้องน้ำ
14,ถ้าต้องการคาเฟ่ที่มีผ้าห่มน่ารัก ๆ
14,ถ้าต้องการคาเฟ่ที่มีน่ารักๆในส่วนของพื้น
14,ที่ใดที่คาดว่าจะมีการตกแต่งน่ารักในส่วนของเพดาน
14,ถ้าต้องการคาเฟ่ที่มีมุมถ่ายรูปที่มีน่ารัก ๆ 
15,ที่ไหนเป็นสถานที่ที่คิดถึงเมื่ออยากเล่นบอร์ดเกมส์ในบรรยากาศที่อบอุ่น
15,หากต้องการที่จะดื่มกาแฟในขณะที่เล่นเกมในวันหยุด
15,หากต้องการสนับสนุนคาเฟ่ที่มีบอร์ดเดม
15,รู้จักคาเฟ่ใดที่มีการบริการเกมบนโต๊ะหรือไม่
15,ถ้าอยากจะผ่อนคลายและสัมผัสบรรยากาศที่ไม่เหมือนใครมีเหมให้เล่น
15,ถ้าอยากจะเล่นเกมในขณะที่รออาหารหรือเครื่องดื่ม
15,หากอยากดื่มกาแฟและมีการเล้นเกมเป็นกิจกรรมเสริม
15,ถ้าอยากไปที่ที่มีกาแฟและเกมให้สนุกสนาน
15,มีแนะนำคาเฟ่ใดบ้างที่ให้บริการเเกมสำหรับลูกค้า
15,ถ้าอยากเรียนรู้การเล่นบอร์ดเกมส์ใหม่ๆ
15,หากต้องการคาเฟ่ที่เหมาะสำหรับคนทุกวัยและมีเกมว์ให้เล่น
15,ถ้าคุณอยากเล่นเกมในคาเฟ่ที่ไม่มีสัญญาณ Wi-Fiไปที่ไหน
15,รู้จักคาเฟ่ใดที่มีบอรดเกมเพื่อทำให้บรรยากาศอบอุ่นขึ้นหรือไม่
15,ถ้าอยากจะเล่นเกมในคาเฟ่ที่มีบรรยากาศเป็นกันเอง
15,หากอยากจะสัมผัสบรรยากาศคาเฟ่ที่มีการตกแต่งด้วยเกีม
15,ถ้าอยากทานขนมและเล่นเกมในคาเฟ่
15,เลือกที่จะไปคาเฟ่ที่มีบร์ดเกม
15,หากอยากไปที่ที่มีความสัมพันธ์ระหว่างกาแฟและเกม
15,ถ้าต้องการคาเฟ่ที่มีบรรยากาศแปลกใหม่และมีเกิม
15,หากอยากไปที่ที่เหมาะสำหรับจัดกิจกรรมที่เกี่ยวข้องกับเกม
15,ถ้าอยากไปที่ที่เป็นไปได้ทั้งเล่นเกม่และทำการสัมภาษณ์งาน
15,คาเฟ่บอร์ดเกมอยู่ไหน
15,คาเฟ่บบอร์ดเกมมีที่ไหนบ้าง
15,คาเฟ่บอร์ดเกมน่าเล่น
15,คาเฟ่บอร์ดเกมส์รีวิวดี
15,คาเฟ่บอร์ดเกมเดินทางสะดวก
15,คาเฟ่บอร์ดเมมอาหารอร่อย
15,คาเฟ่บอร์ดเกมดั้งเดิม
15,คาเฟ่บ้อร์ดเกมที่กำลังฮิต
15,คาเฟ่บอร์ดเกมที่น่าสนใจ
15,หาคาเฟ่บิอร์ดเกม
15,ึ่คาเฟ่บอร์ดเกส์ที่เปิด24 ชม
15,แนะนำคาเฟ่ที่มีเทมให้เล่นฟรีฃ
15,หาคาเฟ่่ที่มีบอร์ดเกมให้เช่า
15,มีคาเฟ่่บอรดเกมแนะนำมั้ย
15,ขอคาเฟ่ใกล้ฉันทีมีบอรืดเกม
15,ช่วยหาคาเฟ่ที่มีเกม
15,ช่่วยหาคาเฟ่แบบผ่อนคลาย มีอะไรสนุกๆให้ทำ
15,แนะนำคาเฟ่่ที่เป็นแนวสนุกสนาม
15,คาเฟ่ที่นัดรวมเพื่อนมาเล่นเกมได้
15,อยากนัดเจอเพื่อนไปคาเฟ่ที่ไหนดี
15,นัดเจอเพื่อนมาเล่นเกมที่ไหนดี
15,อยากหาที่พักผ่อนสบายๆและเล่นสนุกกันควรไปที่ไหนดี
15,คาเฟ่ที่ี่มีบอร์ดเกมใหม่ๆมาตลอด
15,แนะนำคาเฟ่ดีๆ มีเกมให้เล่น
15,คาเฟ่ที่มี boradgame เยอะๆ
15,แนะนำคาเฟ่ให้เช่าboradgame
15,มีคาเฟ่boradgameใกล้ๆฉันมั้ย
15,ช่วยหาคาเฟ่่boradgameรีวิวดี
15,หาคาเฟ่สงบๆมีboradgameให้เล่นสนุกๆ
15,มีคาเฟ่boradgameเปิดใหม่บ้างมั้ย